,Composition,As-cast/other,HardGPa
1,Al0.25Fe1Co1Ni1,1.0,1.35
3,Al0.3Cr1Fe1Co1Ni1,1.0,1.375
5,Al0.5Cr1Fe1Co1Cu1Ni1,1.0,2.2075
7,Al0.5Cr1Fe1Co1Ni1Mo0.5,1.0,4.17
9,Al0.5Fe1Co1Ni1,1.0,2.08
10,Al0.5V0.2Cr1Fe1Co1Cu1Ni1,1.0,2.0
11,Al0.5V0.4Cr1Fe1Co1Cu1Ni1,1.0,2.27
12,Al0.5V0.6Cr1Fe1Co1Cu1Ni1,1.0,3.22
13,Al0.5V0.8Cr1Fe1Co1Cu1Ni1,1.0,4.38
14,Al0.5V1.2Cr1Fe1Co1Cu1Ni1,1.0,5.68
15,Al0.5V1.4Cr1Fe1Co1Cu1Ni1,1.0,5.66
16,Al0.5V1.6Cr1Fe1Co1Cu1Ni1,1.0,5.83
17,Al0.5V1.8Cr1Fe1Co1Cu1Ni1,1.0,5.85
18,Al0.5V1Cr1Fe1Co1Cu1Ni1,1.0,6.27
19,Al0.5V2Cr1Fe1Co1Cu1Ni1,1.0,5.76
20,Al0.6Cr1Fe1Co1Ni1,1.0,2.24
22,Al0.75Fe1Co1Ni1,1.0,3.78
25,Al0.8Cr1Fe1Co1Cu1Ni1,1.0,2.65
26,Al0.9Cr1Fe1Co1Ni1,1.0,5.01
28,Al1.5Cr1Fe1Co1Cu1Ni1,1.0,4.88
30,Al1.5Cr1Fe1Co1Ni1Mo0.5,1.0,6.42
31,Al10.1Co18Cr18Fe18Ni18Mn18,1.0,2.73
32,Al10.4Co20.8Cr20.8Fe20.8Ni20.8Mn6.3,1.0,1.73
33,Al10.7Cr17.9Cu17.9Fe17.9Ni35.7,1.0,2.73
34,Al10.7Cr17.9Fe17.9Cu17.9Ni35.7,1.0,2.73
35,Al10Co20Cr20Cu10Fe20Ni20,1.0,2.36
36,Al10Co20Cr20Fe20Ni20Mo10,1.0,4.32
37,Al10Co20Cr20Fe20Ni20Ti10,1.0,5.1
38,Al10Co25Cr15Fe25Ni25,1.0,1.87
39,Al10Co30Cr30Fe30,1.0,6.08
40,Al10Cr35Cu24Fe5Ni26,1.0,4.32
41,Al10Cr35Cu25Fe5Ni25,1.0,4.63
42,Al10Cr35Cu26Fe5Ni24,1.0,4.45
43,Al10Cr35Fe5(Cu12Ni13)2,1.0,4.32
44,Al10Cr35Fe5(Cu13Ni12)2,1.0,4.45
45,Al11.1Co22.2Cr22.2Cu22.2Fe22.2,1.0,2.03
46,Al11.1Cr22.2Cu22.2Fe22.2Ni22.2,1.0,3.75
47,Al11.1Cr22.2Fe22.2Co22.2Cu22.2,1.0,2.03
48,Al11.1Cr22.2Fe22.2Cu22.2Ni22.2,1.0,3.75
49,Al11.1Cr22.2Fe22.2Ni44.4,1.0,2.25
50,Al11.1Cr22.2Fe33.3Ni11.1Mn22.2,1.0,3.88
51,Al11.8Cr29.4Fe44.1Ni14.7,1.0,4.41
52,Al11Co17.8Cr17.8Fe17.8Ni17.8Mn17.8,1.0,3.97
53,Al11Cr28Cu27Fe6Ni28,1.0,4.6
54,Al11Cr28Cu29Fe7Ni25,1.0,4.68
55,Al11Cr28Fe6Cu27Ni28,1.0,4.6
56,Al11Cr28Fe7Cu29Ni25,1.0,4.68
57,Al11Cr29Cu29Fe5Ni26,1.0,4.85
58,Al11Cr29Fe5Cu29Ni26,1.0,4.85
59,Al12.3Cr17.5Cu17.5Fe17.5Ni35.1,1.0,2.84
60,Al12.3Cr17.5Fe17.5Cu17.5Ni35.1,1.0,2.84
61,Al12.5Co12.5Cr12.5Fe12.5Ni50,1.0,2.21
62,Al12.5Co25Cr12.5Fe25Ni25,1.0,2.07
63,Al12.5Cr12.5Fe12.5Co12.5Ni50,1.0,2.21
64,Al12.5Cr12.5Fe25Co25Ni25,1.0,2.07
65,Al12Co17.6Cr17.6Fe17.6Ni17.6Mn17.6,1.0,4.77
66,Al12Cr31Cu20Fe5Ni32,1.0,4.74
67,Al12Cr31Cu21Fe5Ni31,1.0,4.6
68,Al12Cr31Fe5(Cu5Ni8)4,1.0,4.74
69,Al12Cr31Fe5Cu21Ni31,1.0,4.6
70,Al13.3Co33.3Cu20Ni33.3,1.0,1.89
71,Al13.5Co19.2Cr19.2Cu9.6Fe19.2Ni19.2,1.0,3.07
72,Al13.5Cr19.2Fe19.2Co19.2Cu9.6Ni19.2,1.0,3.07
73,Al13.8Co17.2Cr17.2Cu17.2Fe17.2Ni17.2,1.0,2.67
74,Al13.8Cr17.2Cu17.2Fe17.2Ni34.5,1.0,3.09
75,Al13.8Cr17.2Fe17.2Co17.2Cu17.2Ni17.2,1.0,2.67
76,Al13.8Cr17.2Fe17.2Cu17.2Ni34.5,1.0,3.09
77,Al13.9Co17.2Cr17.2Fe17.2Ni17.2Mn17.2,1.0,5.29
78,Al13Co17.4Cr17.4Fe17.4Ni17.4Mn17.4,1.0,5.2
79,Al13Co21.7Cr21.7Fe21.7Ni21.7,1.0,2.41
80,Al13Cr21.7Cu21.7Ni21.7Ti21.7,1.0,4.43
81,Al13Cr21.7Fe21.7Co21.7Ni21.7,1.0,2.41
82,Al13Cr28Cu22Fe6Ni31,1.0,4.5
83,Al13Cr28Fe6Cu22Ni31,1.0,4.5
84,Al14.3Co14.3Cr14.3Fe14.3Ni42.9,1.0,2.37
85,Al14.3Co19Cr19Cu9.5Fe19Ni19,1.0,3.35
86,Al14.3Co28.6Fe28.6Ni28.6,1.0,2.05
87,Al14.3Co42.9Cu14.3Fe14.3Ni14.3,1.0,1.63
88,Al14.3Cr14.3Cu14.3Fe14.3Ni14.3Ti14.3V14.3,1.0,7.36
89,Al14.3Cr14.3Fe14.3Co14.3Ni42.9,1.0,2.37
90,Al14.3Cr19Fe19Co19Cu9.5Ni19,1.0,3.35
91,Al14.3Fe14.3Co42.9Cu14.3Ni14.3,1.0,1.63
92,Al14.3Fe28.6Co28.6Ni28.6,1.0,2.05
93,Al14.9Co21.3Cr21.3Fe21.3Ni21.3,1.0,3.31
94,Al14.9Cr21.3Fe21.3Co21.3Ni21.3,1.0,3.31
95,Al15.2Co19Cr19Cu8.6Fe19Ni19,1.0,3.95
96,Al15.2Cr15.2Cu24.2Fe15.2Ni30.3,1.0,3.65
97,Al15.2Cr15.2Fe15.2Cu24.2Ni30.3,1.0,3.65
98,Al15.2Cr19Fe19Co19Cu8.6Ni19,1.0,3.95
99,Al15.3Cr16.9Cu16.9Fe16.9Ni33.9,1.0,3.32
100,Al15.3Cr16.9Fe16.9Cu16.9Ni33.9,1.0,3.32
101,Al15.4Co15.4Cr15.4Cu7.7Fe15.4Ni30.8,1.0,3.04
102,Al15.4Co15.4Cr15.4Cu7.7Fe30.8Ni15.4,1.0,5.04
103,Al15.4Co15.4Cr15.4Fe15.4Ni30.8Mo7.7,1.0,3.87
104,Al15.4Co15.4Cr15.4Fe15.4Ni38.5,1.0,2.6
105,Al15.4Co15.4Cr15.4Fe30.8Ni15.4Mo7.7,1.0,6.27
106,Al15.4Co15.4Cr30.8Cu7.7Fe15.4Ni15.4,1.0,5.95
107,Al15.4Co30.8Cr15.4Cu7.7Fe15.4Ni15.4,1.0,2.89
108,Al15.4Co30.8Cr15.4Fe15.4Ni15.4Mo7.7,1.0,5.75
109,Al15.4Cr15.4Cu15.4Fe15.4Ni15.4Ti23.1,1.0,5.84
110,Al15.4Cr15.4Fe15.4Co15.4Cu7.7Ni30.8,1.0,3.04
111,Al15.4Cr15.4Fe15.4Co15.4Ni30.8Mo7.7,1.0,3.87
112,Al15.4Cr15.4Fe15.4Co15.4Ni38.5,1.0,2.6
113,Al15.4Cr15.4Fe15.4Co30.8Cu7.7Ni15.4,1.0,2.89
114,Al15.4Cr15.4Fe15.4Co30.8Ni15.4Mo7.7,1.0,5.75
115,Al15.4Cr15.4Fe30.8Co15.4Cu7.7Ni15.4,1.0,5.04
116,Al15.4Cr15.4Fe30.8Co15.4Ni15.4Mo7.7,1.0,6.27
117,Al15.4Cr30.8Fe15.4Co15.4Cu7.7Ni15.4,1.0,5.95
118,Al15.8Co21.1Cr21.1Fe21.1Ni21.1,1.0,3.81
119,Al15.8Cr21.1Fe21.1Co21.1Ni21.1,1.0,3.81
120,Al15Co17Cr17Fe17Ni17Mn17,1.0,5.23
121,Al15Co20Cr20Cu5Fe20Ni20,1.0,3.68
122,Al15Co25Cr10Fe25Ni25,1.0,2.45
123,Al15Co28.3Cr28.3Fe28.3,1.0,6.42
124,Al15Cr28.3Fe28.3Co28.3,1.0,6.42
125,Al16.4Co16.4Cr16.4Cu16.4Fe16.4Ni16.4V1.6,1.0,4.73
126,Al16.4V1.6Cr16.4Fe16.4Co16.4Cu16.4Ni16.4,1.0,4.73
127,Al16.7Co16.7Cr16.7Cu16.7Fe16.7Ni16.7,1.0,4.63
128,Al16.7Co16.7Cr16.7Cu16.7Fe16.7Ti16.7,1.0,5.71
129,Al16.7Co16.7Cr16.7Cu8.3Fe16.7Ni25,1.0,3.51
130,Al16.7Co16.7Cr16.7Cu8.3Fe25Ni16.7,1.0,5.27
131,Al16.7Co16.7Cr16.7Fe16.7Ni16.7Mo16.7,1.0,8.35
132,Al16.7Co16.7Cr16.7Fe16.7Ni16.7Ti16.7,1.0,4.27
133,Al16.7Co16.7Cr16.7Fe16.7Ni25Mo8.3,1.0,5.75
134,Al16.7Co16.7Cr16.7Fe16.7Ni33.3,1.0,3.29
135,Al16.7Co16.7Cr16.7Fe25Ni16.7Mo8.3,1.0,6.23
136,Al16.7Co16.7Cr16.7Fe33.3Ni16.7,1.0,4.76
137,Al16.7Co16.7Cr25Cu8.3Fe16.7Ni16.7,1.0,5.89
138,Al16.7Co16.7Cr33.3Fe16.7Ni16.7,1.0,6.05
139,Al16.7Co16.7Cu16.7Fe16.7Ni16.7Ti16.7,1.0,6.14
140,Al16.7Co20.8Cr20.8Cu20.8Fe20.8,1.0,2.66
141,Al16.7Co20.8Cr20.8Fe20.8Ni20.8,1.0,3.75
142,Al16.7Co25Cr16.7Cu8.3Fe16.7Ni16.7,1.0,4.42
143,Al16.7Co25Cr16.7Fe16.7Ni16.7Mo8.3,1.0,7.27
144,Al16.7Co33.3Cr16.7Fe16.7Ni16.7,1.0,5.22
145,Al16.7Co33.3Cu16.7Fe16.7Ni16.7,1.0,2.44
146,Al16.7Cr16.7Cu16.7Fe16.7Ni33.3,1.0,3.88
147,Al16.7Cr16.7Cu33.3Fe16.7Ni16.7,1.0,3.68
148,Al16.7Cr16.7Fe16.7Co16.7Cu16.7Ni16.7,1.0,4.63
149,Al16.7Cr16.7Fe16.7Co16.7Cu8.3Ni25,1.0,3.51
150,Al16.7Cr16.7Fe16.7Co16.7Ni16.7Mo16.7,1.0,8.35
151,Al16.7Cr16.7Fe16.7Co16.7Ni25Mo8.3,1.0,5.75
152,Al16.7Cr16.7Fe16.7Co16.7Ni33.3,1.0,3.29
153,Al16.7Cr16.7Fe16.7Co25Cu8.3Ni16.7,1.0,4.42
154,Al16.7Cr16.7Fe16.7Co25Ni16.7Mo8.3,1.0,7.27
155,Al16.7Cr16.7Fe16.7Co33.3Ni16.7,1.0,5.22
156,Al16.7Cr16.7Fe16.7Cu16.7Ni33.3,1.0,3.88
157,Al16.7Cr16.7Fe16.7Cu33.3Ni16.7,1.0,3.68
158,Al16.7Cr16.7Fe25Co16.7Cu8.3Ni16.7,1.0,5.27
159,Al16.7Cr16.7Fe25Co16.7Ni16.7Mo8.3,1.0,6.23
160,Al16.7Cr16.7Fe33.3Co16.7Ni16.7,1.0,4.76
161,Al16.7Cr20.8Fe20.8Co20.8Cu20.8,1.0,2.66
162,Al16.7Cr20.8Fe20.8Co20.8Ni20.8,1.0,3.75
163,Al16.7Cr25Fe16.7Co16.7Cu8.3Ni16.7,1.0,5.89
164,Al16.7Cr33.3Fe16.7Co16.7Ni16.7,1.0,6.05
165,Al16.7Fe16.7Co33.3Cu16.7Ni16.7,1.0,2.44
166,Al16Co16.8Cr16.8Fe16.8Ni16.8Mn16.8,1.0,5.25
167,Al16Co20Cr20Fe20Ni20Ti4,1.0,4.64
168,Al17.2Co17.2Cr17.2Fe17.2Ni17.2Ti13.8,1.0,5.15
169,Al17.4Co17.4Cr17.4Cu13Fe17.4Ti17.4,1.0,6.01
170,Al17.5Co25Cr7.5Fe25Ni25,1.0,3.08
171,Al17.5Cr7.5Fe25Co25Ni25,1.0,3.08
172,Al17.9Co17.9Cr17.9Fe17.9Ni17.9Mn10.7,1.0,4.8
173,Al17.9Co20.5Cr20.5Fe20.5Ni20.5,1.0,5.28
174,Al17.9Cr20.5Fe20.5Co20.5Ni20.5,1.0,5.28
175,Al17Co18.9Cr18.9Cu7.5Fe18.9Ni18.9,1.0,5.49
176,Al17Cr18.9Fe18.9Co18.9Cu7.5Ni18.9,1.0,5.49
177,Al18.2Co18.2Cr18.2Cu18.2Fe18.2Ni9.1,1.0,4.15
178,Al18.2Co18.2Cr18.2Cu18.2Fe9.1Ni18.2,1.0,4.1
179,Al18.2Co18.2Cr18.2Cu9.1Fe18.2Ti18.2,1.0,7.88
180,Al18.2Co18.2Cr18.2Fe18.2Ni18.2Mo9.1,1.0,7.33
181,Al18.2Co18.2Cr18.2Fe18.2Ni18.2Ti9.1,1.0,4.97
182,Al18.2Co18.2Cr18.2Fe18.2Ni27.3,1.0,4.93
183,Al18.2Co18.2Cr9.1Cu18.2Fe18.2Ni18.2,1.0,3.6
184,Al18.2Co27.3Cu18.2Fe18.2Ni18.2,1.0,3.59
185,Al18.2Co9.1Cr18.2Cu18.2Fe18.2Ni18.2,1.0,4.64
186,Al18.2Cr18.2Cu18.2Fe18.2Ni18.2Ti9.1,1.0,4.51
187,Al18.2Cr18.2Fe18.2Co18.2Cu18.2Ni9.1,1.0,4.15
188,Al18.2Cr18.2Fe18.2Co18.2Ni18.2Mo9.1,1.0,7.33
189,Al18.2Cr18.2Fe18.2Co18.2Ni27.3,1.0,4.93
190,Al18.2Cr18.2Fe18.2Co9.1Cu18.2Ni18.2,1.0,4.64
191,Al18.2Cr18.2Fe9.1Co18.2Cu18.2Ni18.2,1.0,4.1
192,Al18.2Cr9.1Fe18.2Co18.2Cu18.2Ni18.2,1.0,3.6
193,Al18.2Fe18.2Co27.3Cu18.2Ni18.2,1.0,3.59
194,Al18.4Co20.4Cr20.4Fe20.4Ni20.4,1.0,5.17
195,Al18.4Cr20.4Fe20.4Co20.4Ni20.4,1.0,5.17
196,Al18.5Cr18.5Cu18.5Fe18.5Ni25.9,1.0,3.62
197,Al18.5Cr18.5Fe18.5Cu18.5Ni25.9,1.0,3.62
198,Al18.9Co18.9Cr18.9Fe18.9Ni18.9Mn5.7,1.0,4.91
199,Al18Cr10Fe10Co30Ni29Mo3,1.0,3.53
200,Al18Cr10Fe10Co30Ni31Mo,1.0,3.5
201,Al19.2Co19.2Cr19.2Fe19.2Ni19.2Ti3.8,1.0,4.58
202,Al19.2Cr19.2Cu19.2Fe19.2Ni23.1,1.0,4.0
203,Al19.2Cr19.2Fe19.2Cu19.2Ni23.1,1.0,4.0
204,Al19.4Co16.1Cr16.1Fe16.1Ni16.1Ti16.1,1.0,6.63
205,Al19.4Cr16.1Cu16.1Fe16.1Ni32.3,1.0,5.11
206,Al19.4Cr16.1Fe16.1Cu16.1Ni32.3,1.0,5.11
207,Al19.6Co19.6Cr19.6Cu2Fe19.6Ni19.6,1.0,5.67
208,Al19.6Co19.6Cr19.6Fe11.8Ni19.6Mo9.8,1.0,7.39
209,Al19.6Cr19.6Fe11.8Co19.6Ni19.6Mo9.8,1.0,7.39
210,Al19.6Cr19.6Fe19.6Co19.6Cu2Ni19.6,1.0,5.67
211,Al1Cr1Fe0.6Co1Ni1Mo0.5,1.0,7.39
212,Al1Cr1Fe1.5Co1Ni1Mo0.5,1.0,6.23
213,Al1Cr1Fe1Co0.5Ni1Mo0.5,1.0,7.86
214,Al1Cr1Fe1Co1.5Ni1Mo0.5,1.0,7.27
215,Al1Cr1Fe1Co1Mo0.5,1.0,8.4
216,Al1Cr1Fe1Co1Ni0.5Mo0.5,1.0,6.94
217,Al1Cr1Fe1Co1Ni1.5Mo0.5,1.0,5.75
218,Al1Cr1Fe1Co1Ni1Mo0.5,1.0,7.345
219,Al1Cr1Fe1Co1Ni2Mo0.5,1.0,3.87
220,Al1Cr1Fe1Co2Ni1Mo0.5,1.0,5.75
225,Al1Cr1Fe1Ni1Mo0.2,1.0,5.38
226,Al1Cr1Fe1Ni1Mo0.5,1.0,6.109999999999999
227,Al1Cr1Fe1Ni1Mo0.8,1.0,8.38
228,Al1Cr1Fe2Co1Ni1Mo0.5,1.0,6.27
229,Al1Fe1Co1Cu1Ni0.5,1.0,4.23
230,Al1Fe1Co1Cu1Ni0.8,1.0,4.12
231,Al1Fe1Co1Cu1Ni1.5,1.0,3.18
232,Al2.4Co24.4Cr24.4Fe24.4Ni24.4,1.0,1.16
233,Al2.4Cr24.4Fe24.4Co24.4Ni24.4,1.0,1.16
234,Al2.5Co25Cr22.5Fe25Ni25,1.0,1.33
235,Al2.5Cr1Fe1Co1Ni1,1.0,4.78
236,Al2.5Cr22.5Fe25Co25Ni25,1.0,1.33
237,Al20.2Co16.8Cr16.8Fe16.8Ni16.8Ti12.6,1.0,6.89
238,Al20.6Co15.9Cr15.9Cu15.9Fe15.9Ni15.9,1.0,4.64
239,Al20.6Co15.9Cr15.9Fe15.9Ni31.7,1.0,3.33
240,Al20.6Cr15.9Fe15.9Co15.9Cu15.9Ni15.9,1.0,4.64
241,Al20.6Cr15.9Fe15.9Co15.9Ni31.7,1.0,3.33
242,Al20.8Cr20.8Cu20.8Fe20.8Ni16.7,1.0,4.77
243,Al20.8Cr20.8Fe20.8Cu20.8Ni16.7,1.0,4.77
244,Al20.8Cr20.8Fe20.8Ni20.8Mo16.7,1.0,8.38
245,Al20Co10Cr20Cu10Fe20Ni20,1.0,5.4
246,Al20Co10Cr20Fe20Ni20Mo10,1.0,7.86
247,Al20Co16Cr16Fe16Ni16Mn16,1.0,5.29
248,Al20Co20Cr10Cu10Fe20Ni20,1.0,5.35
249,Al20Co20Cr20Cu10Fe10Ni20,1.0,5.75
250,Al20Co20Cr20Cu10Fe20Ni10,1.0,5.92
251,Al20Co20Cr20Cu20Fe20,1.0,3.99
252,Al20Co20Cr20Cu20Ni20,1.0,4.07
253,Al20Co20Cr20Fe10Ni20Mo10,1.0,7.4
254,Al20Co20Cr20Fe20Ni10Mo10,1.0,6.94
255,Al20Co20Cr20Fe20Ni20,1.0,3.43
256,Al20Co20Cu20Fe20Ni20,1.0,5.26
257,Al20Co20Fe20Ni20Mo20,1.0,7.36
258,Al20Co25Cr5Fe25Ni25,1.0,3.79
259,Al20Co26.7Cr26.7Fe26.7,1.0,6.82
260,Al20Co26.7Fe26.7Ni26.7,1.0,3.76
261,Al20Cr13.3Cu13.3Fe13.3Ni13.3Ti13.3V13.3,1.0,8.78
262,Al20Cr20Cu20Ni20Ti20,1.0,5.03
263,Al20Cr20Fe20Ni20Mo20,1.0,8.88
264,Al20Cr20Fe20Ni20Ti20,1.0,6.74
265,Al20Cr26.7Fe26.7Co26.7,1.0,6.82
266,Al20Fe26.7Co26.7Ni26.7,1.0,3.76
267,Al21.1Co17.5Cr17.5Fe17.5Ni17.5Ti8.8,1.0,7.03
268,Al21.3Co21.3Cr15Fe21.3Ni21.3,1.0,5.0
269,Al21.3Co21.3Cr21.3Fe15Ni21.3,1.0,5.47
270,Al21.3Co21.3Cr21.3Fe21.3Ni15,1.0,5.44
271,Al21.3Cr15Fe21.3Co21.3Ni21.3,1.0,5.0
272,Al21.3Cr21.3Fe15Co21.3Ni21.3,1.0,5.47
273,Al21.3Cr21.3Fe21.3Co21.3Ni15,1.0,5.44
274,Al21.7Cr21.7Cu21.7Fe21.7Ni13,1.0,4.85
275,Al21.7Cr21.7Fe21.7Cu21.7Ni13,1.0,4.85
276,Al22.2Co11.1Cu22.2Fe22.2Ni22.2,1.0,5.34
277,Al22.2Co22.2Cr22.2Cu11.1Fe22.2,1.0,6.27
278,Al22.2Co22.2Cr22.2Fe22.2Mo11.1,1.0,8.4
279,Al22.2Co22.2Cu11.1Fe22.2Ni22.2,1.0,5.73
280,Al22.2Cr22.2Cu11.1Fe22.2Ni22.2,1.0,5.24
281,Al22.2Cr22.2Fe22.2Co22.2Cu11.1,1.0,6.27
282,Al22.2Cr22.2Fe22.2Co22.2Mo11.1,1.0,8.4
283,Al22.2Cr22.2Fe22.2Cu11.1Ni22.2,1.0,5.24
284,Al22.2Cr22.2Fe22.2Ni22.2Mo11.1,1.0,6.1
285,Al22.2Fe22.2Co11.1Cu22.2Ni22.2,1.0,5.34
286,Al22.2Fe22.2Co22.2Cu11.1Ni22.2,1.0,5.73
287,Al22.5Co10Cr22.5Fe22.5Ni22.5,1.0,5.29
288,Al22.5Co22.5Cr10Fe22.5Ni22.5,1.0,4.67
289,Al22.5Co22.5Cr22.5Fe10Ni22.5,1.0,5.76
290,Al22.5Co22.5Cr22.5Fe22.5Ni10,1.0,5.37
291,Al22.5Co25Cr2.5Fe25Ni25,1.0,4.77
292,Al22.5Cr10Fe22.5Co22.5Ni22.5,1.0,4.67
293,Al22.5Cr2.5Fe25Co25Ni25,1.0,4.77
294,Al22.5Cr22.5Fe10Co22.5Ni22.5,1.0,5.76
295,Al22.5Cr22.5Fe22.5Co10Ni22.5,1.0,5.29
296,Al22.5Cr22.5Fe22.5Co22.5Ni10,1.0,5.37
297,Al22Co18.3Cr18.3Fe18.3Ni18.3Ti4.6,1.0,6.54
298,Al23.1Co15.4Cr15.4Cu15.4Fe15.4Ni15.4,1.0,4.98
299,Al23.1Cr15.4Cu15.4Fe15.4Ni15.4Mn15.4,1.0,7.04
300,Al23.1Cr15.4Cu15.4Fe15.4Ni30.8,1.0,5.35
301,Al23.1Cr15.4Fe15.4Co15.4Cu15.4Ni15.4,1.0,4.98
302,Al23.1Cr15.4Fe15.4Cu15.4Ni30.8,1.0,5.35
303,Al23.8Co19Cr19Fe19Ni19,1.0,4.83
304,Al23.8Co23.8Cr23.8Fe23.8Ni5,1.0,6.03
305,Al23.8Co23.8Cr23.8Fe4.8Ni23.8,1.0,6.25
306,Al23.8Co23.8Cr23.8Fe5Ni23.8,1.0,6.52
307,Al23.8Co23.8Cr5Fe23.8Ni23.8,1.0,4.3
308,Al23.8Co4.8Cu23.8Fe23.8Ni23.8,1.0,5.21
309,Al23.8Co5Cr23.8Fe23.8Ni23.8,1.0,5.39
310,Al23.8Cr19Fe19Co19Ni19,1.0,4.83
311,Al23.8Cr23.8Fe23.8Co23.8Ni5,1.0,6.03
312,Al23.8Cr23.8Fe23.8Co5Ni23.8,1.0,5.39
313,Al23.8Cr23.8Fe23.8Ni23.8Mo4.8,1.0,5.38
314,Al23.8Cr23.8Fe4.8Co23.8Ni23.8,1.0,6.25
315,Al23.8Cr23.8Fe5Co23.8Ni23.8,1.0,6.52
316,Al23.8Cr5Fe23.8Co23.8Ni23.8,1.0,4.3
317,Al23.8Fe23.8Co4.8Cu23.8Ni23.8,1.0,5.21
318,Al23Co15Cr23Cu8Fe15Ni16,1.0,5.69
319,Al23Cr23Fe15Co15(CuNi2)8,1.0,5.69
320,Al24.2Cr15.2Cu15.2Fe15.2Ni30.3,1.0,5.39
321,Al24.2Cr15.2Fe15.2Cu15.2Ni30.3,1.0,5.39
322,Al24.5Co18.9Cr18.9Cu18.9Fe18.9,1.0,4.67
323,Al24.5Cr18.9Fe18.9Co18.9Cu18.9,1.0,4.67
324,Al25.9Co18.5Cr18.5Fe18.5Ni18.5,1.0,5.07
325,Al25.9Cr18.5Fe18.5Co18.5Ni18.5,1.0,5.07
326,Al25Co16.7Cr16.7Cu8.3Fe16.7Ni16.7,1.0,5.9
327,Al25Co16.7Cr16.7Fe16.7Ni16.7Mo8.3,1.0,6.52
328,Al25Co25Cr25Fe25,1.0,7.06
329,Al25Co25Cr25Ni25,1.0,6.98
330,Al25Co25Fe25Ni25,1.0,4.38
331,Al25Cr16.7Fe16.7Co16.7Cu8.3Ni16.7,1.0,5.9
332,Al25Cr16.7Fe16.7Co16.7Ni16.7Mo8.3,1.0,6.52
333,Al26.5Co14.7Cr14.7Cu14.7Fe14.7Ni14.7,1.0,5.92
334,Al26.5Cr14.7Cu14.7Fe14.7Ni29.4,1.0,5.59
335,Al26.5Cr14.7Fe14.7Co14.7Cu14.7Ni14.7,1.0,5.92
336,Al26.5Cr14.7Fe14.7Cu14.7Ni29.4,1.0,5.59
337,Al27.3Co18.2Cr18.2Cu18.2Fe18.2,1.0,5.0
338,Al27.3Co18.2Cr18.2Fe18.2Ni18.2,1.0,5.0
339,Al27.3Cr18.2Cu18.2Fe18.2Ni18.2,1.0,5.62
340,Al27.3Cr18.2Fe18.2Co18.2Cu18.2,1.0,5.0
341,Al27.3Cr18.2Fe18.2Co18.2Ni18.2,1.0,5.0
342,Al27.3Cr18.2Fe18.2Cu18.2Ni18.2,1.0,5.62
343,Al28.6Co14.3Cr14.3Cu14.3Fe14.3Ni14.3,1.0,5.6
344,Al28.6Co14.3Cr14.3Fe14.3Ni14.3Ti14.3,1.0,7.15
345,Al28.6Cr14.3Cu14.3Fe14.3Ni28.6,1.0,5.56
346,Al28.6Cr14.3Fe14.3Co14.3Cu14.3Ni14.3,1.0,5.6
347,Al28.6Cr14.3Fe14.3Cu14.3Ni28.6,1.0,5.56
348,Al29Co22Cr34Fe5Ni10,1.0,6.86
349,Al29Cr34Fe5(Co11Ni5)2,1.0,6.86
350,Al2Co19.6Cr19.6Fe19.6Ni19.6Mn19.6,1.0,1.77
351,Al2Cr1Fe1Co1Ni1Mo0.5,1.0,5.93
352,Al2Cr2Fe2Co2CuNi,1.0,5.92
353,Al2Cr2Fe2Co2NiMo,1.0,6.94
354,Al2Cr2Fe2CoCuNi2,1.0,5.4
355,Al2Cr2Fe2CoNi2Mo,1.0,7.86
356,Al2Cr2FeCo2CuNi2,1.0,5.75
357,Al2Cr2FeCo2Ni2Mo,1.0,7.4
358,Al2Cr3Fe5(CoNi)5,1.0,1.87
359,Al2Cr7Fe(CuNi)5,1.0,4.63
360,Al2CrFe2Co2CuNi2,1.0,5.35
361,Al2CrFeCo,1.0,7.6
362,Al2CrFeCoCuNi,1.0,5.49
364,Al3.2Co24.2Cr16.1Fe16.1Ni24.2Ti16.1,1.0,6.59
365,Al3.5Co26.3Cr17.5Fe17.5Ni26.3Ti8.8,1.0,4.72
366,Al3.8Co19.2Cr19.2Fe19.2Ni19.2Mn19.2,1.0,1.68
367,Al3.8Cr19.2Cu19.2Fe19.2Ni38.5,1.0,1.59
368,Al3.8Cr19.2Fe19.2Cu19.2Ni38.5,1.0,1.59
369,Al30.6Cr13.9Cu13.9Fe13.9Ni27.8,1.0,5.65
370,Al30.6Cr13.9Fe13.9Cu13.9Ni27.8,1.0,5.65
371,Al30.8Co15.4Cr15.4Cu7.7Fe15.4Ni15.4,1.0,5.97
372,Al30.8Co15.4Cr15.4Fe15.4Ni15.4Mo7.7,1.0,6.03
373,Al30.8Cr15.4Fe15.4Co15.4Cu7.7Ni15.4,1.0,5.97
374,Al30.8Cr15.4Fe15.4Co15.4Ni15.4Mo7.7,1.0,6.03
375,Al31.5Co13.7Cr13.7Cu13.7Fe13.7Ni13.7,1.0,5.9
376,Al31.5Cr13.7Fe13.7Co13.7Cu13.7Ni13.7,1.0,5.9
377,Al31Co17.2Cr17.2Cu17.2Fe17.2,1.0,5.46
378,Al31Co17.2Cr17.2Fe17.2Ni17.2,1.0,4.73
379,Al31Cr17.2Fe17.2Co17.2Cu17.2,1.0,5.46
380,Al31Cr17.2Fe17.2Co17.2Ni17.2,1.0,4.73
381,Al33.3Co13.3Cr13.3Cu13.3Fe13.3Ni13.3,1.0,6.11
382,Al33.3Co16.7Cr16.7Cu16.7Fe16.7,1.0,5.56
383,Al33.3Cr13.3Cu13.3Fe13.3Ni26.7,1.0,5.82
384,Al33.3Cr13.3Fe13.3Co13.3Cu13.3Ni13.3,1.0,6.11
385,Al33.3Cr13.3Fe13.3Cu13.3Ni26.7,1.0,5.82
386,Al33.3Cr16.7Cu16.7Fe16.7Ni16.7,1.0,6.38
387,Al33.3Cr16.7Fe16.7Co16.7Cu16.7,1.0,5.56
388,Al33.3Cr16.7Fe16.7Cu16.7Ni16.7,1.0,6.38
389,Al34Co17Cr34Fe5Ni10,1.0,6.86
390,Al34Cr34Fe5Co17Ni10,1.0,6.86
391,Al35.9Co12.8Cr12.8Cu12.8Fe12.8Ni12.8,1.0,6.4
392,Al35.9Cr12.8Fe12.8Co12.8Cu12.8Ni12.8,1.0,6.4
393,Al36.5Co15.9Cr15.9Cu15.9Fe15.9,1.0,5.91
394,Al36.5Cr15.9Fe15.9Co15.9Cu15.9,1.0,5.91
395,Al36Co10Cr31Cu6Fe9Ni8,1.0,7.75
396,Al36Co6Ni11Mo38W9,1.0,7.11
397,Al36Cr31Fe9Co10(Cu3Ni4)2,1.0,7.75
398,Al37.5Co12.5Cr12.5Cu12.5Fe12.5Ni12.5,1.0,6.75
399,Al37.5Cr12.5Fe12.5Co12.5Cu12.5Ni12.5,1.0,6.75
400,Al38.5Co15.4Cr15.4Cu15.4Fe15.4,1.0,6.12
401,Al38.5Co15.4Cr15.4Fe15.4Ni15.4,1.0,6.82
402,Al38.5Cr15.4Fe15.4Co15.4Cu15.4,1.0,6.12
403,Al38.5Cr15.4Fe15.4Co15.4Ni15.4,1.0,6.82
404,Al38Co11Cr6Cu9Fe31Ni5,1.0,5.92
405,Al38Cr6Fe31Co11Cu9Ni5,1.0,5.92
406,Al39Co10Cr31Cu5Fe8Ni7,1.0,7.87
407,Al39Cr31Fe8Co10Cu5Ni7,1.0,7.87
408,Al3Cr2Fe5(CoNi)5,1.0,2.45
409,Al3Cr4Fe4Co4CuNi4,1.0,3.68
410,Al3CrFeCoNi,1.0,4.96
411,Al4.8Co23.8Cr23.8Fe23.8Ni23.8,1.0,1.66
412,Al4.8Cr23.8Cu23.8Ni23.8Ti23.8,1.0,3.69
413,Al4.8Cr23.8Fe23.8Co23.8Ni23.8,1.0,1.66
414,Al40Co13.3Cr6.7Cu13.3Fe20Ni6.7,1.0,7.53
415,Al40Co20Cr20Fe20,1.0,7.6
416,Al40Cr6.7Fe20Co13.3Cu13.3Ni6.7,1.0,7.53
417,Al41.2Co14.7Cr14.7Cu14.7Fe14.7,1.0,6.44
418,Al41.2Cr14.7Fe14.7Co14.7Cu14.7,1.0,6.44
419,Al42.9Co14.3Cr14.3Cu14.3Fe14.3,1.0,6.32
420,Al42.9Co14.3Cr14.3Cu7.1Fe7.1Ni14.3,1.0,7.06
421,Al42.9Co14.3Cr14.3Fe14.3Ni14.3,1.0,7.26
422,Al42.9Co14.3Cr7.1Cu7.1Fe7.1Ni21.4,1.0,5.8
423,Al42.9Co21.4Cr7.1Cu7.1Fe7.1Ni14.3,1.0,6.87
424,Al42.9Co7.1Cr14.3Cu7.1Fe14.3Ni14.3,1.0,6.81
425,Al42.9Cr14.3Fe14.3Co14.3Cu14.3,1.0,6.32
426,Al42.9Cr14.3Fe14.3Co14.3Ni14.3,1.0,7.26
427,Al42.9Cr14.3Fe14.3Co7.1Cu7.1Ni14.3,1.0,6.81
428,Al42.9Cr14.3Fe7.1Co14.3Cu7.1Ni14.3,1.0,7.06
429,Al42.9Cr7.1Fe7.1Co14.3Cu7.1Ni21.4,1.0,5.8
430,Al42.9Cr7.1Fe7.1Co21.4Cu7.1Ni14.3,1.0,6.87
431,Al42Co10Cr30Cu5Fe7Ni6,1.0,7.68
432,Al42Cr30Fe7Co10Cu5Ni6,1.0,7.68
433,Al43Co14Cr21Cu5Fe12Ni5,1.0,8.12
434,Al43Co15Cr17Cu5Fe14Ni6,1.0,7.79
435,Al43Co17Cr15Fe14Ni11,1.0,7.9
436,Al43Co18Cr20Fe12Ni7,1.0,8.47
437,Al43Co18Cr24Fe10Ni5,1.0,8.39
438,Al43Co19Cr19Fe11Ni8,1.0,8.38
439,Al43Co19Cr24Fe8Ni6,1.0,8.38
440,Al43Co20Cr19Fe9Ni9,1.0,8.0
441,Al43Co20Cr21Fe9Ni7,1.0,8.12
442,Al43Co20Cr22Fe8Ni7,1.0,8.4
443,Al43Co22Cr22Fe8Ni5,1.0,8.65
444,Al43Co22Cr23Fe7Ni5,1.0,8.66
445,Al43Co22Cr25Fe5Ni5,1.0,8.32
446,Al43Co23Cr21Fe8Ni5,1.0,8.46
447,Al43Co24Cr22Fe5Ni6,1.0,8.58
448,Al43Co24Cr23Fe5Ni5,1.0,8.51
449,Al43Co25Cr22Fe5Ni5,1.0,8.48
450,Al43Co29Cr18Fe5Ni5,1.0,7.67
451,Al43Co6Cr33Cu6Fe6Ni6,1.0,7.49
452,Al43Cr15Fe14Co17Ni11,1.0,7.9
453,Al43Cr17Fe14Co15Cu5Ni6,1.0,7.79
454,Al43Cr18Fe5Co29Ni5,1.0,7.67
455,Al43Cr19Fe11Co19Ni8,1.0,8.38
456,Al43Cr19Fe9Co20Ni9,1.0,8.0
457,Al43Cr20Fe12Co18Ni7,1.0,8.47
458,Al43Cr21Fe12Co14(CuNi)5,1.0,8.12
459,Al43Cr21Fe8Co23Ni5,1.0,8.46
460,Al43Cr21Fe9Co20Ni7,1.0,8.12
461,Al43Cr22Fe5(Co4Ni)6,1.0,8.58
462,Al43Cr22Fe5(Co5Ni)5,1.0,8.48
463,Al43Cr22Fe8Co20Ni7,1.0,8.4
464,Al43Cr22Fe8Co22Ni5,1.0,8.65
465,Al43Cr23Fe5Co24Ni5,1.0,8.51
466,Al43Cr23Fe7Co22Ni5,1.0,8.66
467,Al43Cr24Fe10Co18Ni5,1.0,8.39
468,Al43Cr24Fe8Co19Ni6,1.0,8.38
469,Al43Cr25Fe5Co22Ni5,1.0,8.32
470,Al43Cr33Fe6Co6(CuNi)6,1.0,7.49
471,Al44Co14Cr22Cu5Fe9Ni6,1.0,7.75
472,Al44Cr22Fe9Co14Cu5Ni6,1.0,7.75
473,Al46.2Co15.4Cr7.7Cu7.7Fe15.4Ni7.7,1.0,6.88
474,Al46.2Cr7.7Fe15.4Co15.4Cu7.7Ni7.7,1.0,6.88
475,Al46Co14Cr23Cu5Fe7Ni5,1.0,7.95
476,Al46Co21Cr18Cu5Fe5Ni5,1.0,8.24
477,Al46Cr18Fe5Co21(CuNi)5,1.0,8.24
478,Al46Cr23Fe7Co14(CuNi)5,1.0,7.95
479,Al47Co11Cr22Cu5Fe10Ni5,1.0,7.82
480,Al47Co12Cr12Cu5Fe13Ni11,1.0,7.95
481,Al47Co12Cr20Cu5Fe11Ni5,1.0,8.27
482,Al47Co13Cr13Cu5Fe12Ni10,1.0,7.84
483,Al47Co13Cr20Cu5Fe10Ni5,1.0,7.89
484,Al47Co14Cr15Cu5Fe13Ni6,1.0,7.14
485,Al47Co14Cr19Cu5Fe10Ni5,1.0,8.38
486,Al47Co14Cr20Cu5Fe9Ni5,1.0,8.42
487,Al47Co17Cr16Cu5Fe10Ni5,1.0,8.25
488,Al47Co18Cr15Cu5Fe10Ni5,1.0,8.33
489,Al47Co19Cr19Cu5Fe5Ni5,1.0,8.61
490,Al47Co20Cr18Cu5Fe5Ni5,1.0,8.66
491,Al47Co7Cr16Cu9Fe16Ni5,1.0,7.35
492,Al47Cr12Fe13Co12Cu5Ni11,1.0,7.95
493,Al47Cr13Fe12Co13(CuNi2)5,1.0,7.84
494,Al47Cr15Fe10Co18(CuNi)5,1.0,8.33
495,Al47Cr15Fe13Co14Cu5Ni6,1.0,7.14
496,Al47Cr16Fe10Co17(CuNi)5,1.0,8.25
497,Al47Cr16Fe16Co7Cu9Ni5,1.0,7.35
498,Al47Cr18Fe5Co20(CuNi)5,1.0,8.66
499,Al47Cr19Fe10Co14(CuNi)5,1.0,8.38
500,Al47Cr19Fe5Co19(CuNi)5,1.0,8.61
501,Al47Cr20Fe10Co13(CuNi)5,1.0,7.89
502,Al47Cr20Fe11Co12(CuNi)5,1.0,8.27
503,Al47Cr20Fe9Co14(CuNi)5,1.0,8.42
504,Al47Cr22Fe10Co11(CuNi)5,1.0,7.82
505,Al4CrFe5(CoNi)5,1.0,3.79
506,Al5.3Co21.1Cr21.1Fe26.3Ni26.3,1.0,1.65
507,Al5.3Cr21.1Fe26.3Co21.1Ni26.3,1.0,1.65
508,Al5.7Co18.9Cr18.9Cu18.9Fe18.9Ni18.9,1.0,1.79
509,Al5.7Cr18.9Cu18.9Fe18.9Ni37.7,1.0,1.67
510,Al5.7Cr18.9Fe18.9Co18.9Cu18.9Ni18.9,1.0,1.79
511,Al5.7Cr18.9Fe18.9Cu18.9Ni37.7,1.0,1.67
512,Al5.9Co23.5Cr23.5Fe23.5Ni23.5,1.0,1.08
513,Al5.9Cr23.5Fe23.5Co23.5Ni23.5,1.0,1.08
514,Al5Co22.5Cr25Cu22.5Ni25,1.0,1.62
515,Al5Co25Cr20Fe25Ni25,1.0,1.44
516,Al5Co31.7Cr31.7Fe31.7,1.0,4.66
517,Al5Cr25Co22.5Cu22.5Ni25,1.0,1.62
518,Al5Cr31.7Fe31.7Co31.7,1.0,4.66
519,Al6.1Co20.4Cr20.4Fe20.4Ni20.4Mn12.2,1.0,1.32
520,Al6.3Cr31.3Fe46.9Ni15.6,1.0,2.98
521,Al6.5Co21.7Cr21.7Fe21.7Ni21.7Mn6.5,1.0,1.44
522,Al6.7Co13.3Cr13.3Cu13.3Fe13.3Ni13.3Ti26.7,1.0,6.83
523,Al6.7Co13.3Cr13.3Cu13.3Fe13.3Ni13.3V26.7,1.0,5.76
524,Al6.7V26.7Cr13.3Fe13.3Co13.3Cu13.3Ni13.3,1.0,5.76
525,Al6.8Co13.7Cr13.7Cu13.7Fe13.7Ni13.7Ti24.7,1.0,6.54
526,Al6.8Co13.7Cr13.7Cu13.7Fe13.7Ni13.7V24.7,1.0,5.85
527,Al6.8V24.7Cr13.7Fe13.7Co13.7Cu13.7Ni13.7,1.0,5.85
528,Al7.1Co18.6Cr18.6Fe18.6Ni18.6Mn18.6,1.0,1.78
529,Al7.2Co14.5Cr14.5Cu14.5Fe14.5Ni14.5Ti20.3,1.0,6.51
530,Al7.2Co14.5Cr14.5Cu14.5Fe14.5Ni14.5V20.3,1.0,5.66
531,Al7.2V20.3Cr14.5Fe14.5Co14.5Cu14.5Ni14.5,1.0,5.66
532,Al7.4Cr18.5Cu18.5Fe18.5Ni37,1.0,1.96
533,Al7.4Cr18.5Fe18.5Cu18.5Ni37,1.0,1.96
534,Al7.5Co14.9Cr14.9Cu14.9Fe14.9Ni14.9Ti17.9,1.0,6.34
535,Al7.5Co14.9Cr14.9Cu14.9Fe14.9Ni14.9V17.9,1.0,5.68
536,Al7.5Co25Cr17.5Fe25Ni25,1.0,1.72
537,Al7.5Cr17.5Fe25Co25Ni25,1.0,1.72
538,Al7.5V17.9Cr14.9Fe14.9Co14.9Cu14.9Ni14.9,1.0,5.68
539,Al7.7Co15.4Cr15.4Cu15.4Fe15.4Ni15.4Ti15.4,1.0,6.24
540,Al7.7Co15.4Cr15.4Cu15.4Fe15.4Ni15.4V15.4,1.0,6.27
541,Al7.7Co30.8Fe30.8Ni30.8,1.0,1.34
542,Al7.7Cr15.4Cu15.4Fe15.4Ni15.4Ti15.4V15.4,1.0,5.82
543,Al7.7Fe30.8Co30.8Ni30.8,1.0,1.34
544,Al7.7V15.4Cr15.4Fe15.4Co15.4Cu15.4Ni15.4,1.0,6.27
545,Al7.9Co15.9Cr15.9Cu15.9Fe15.9Ni15.9Ti12.7,1.0,5.79
546,Al7.9Co15.9Cr15.9Cu15.9Fe15.9Ni15.9V12.7,1.0,4.38
547,Al7.9Co18.4Cr18.4Fe18.4Ni18.4Mn18.4,1.0,1.79
548,Al7.9V12.7Cr15.9Fe15.9Co15.9Cu15.9Ni15.9,1.0,4.38
549,Al7Co14.1Cr14.1Cu14.1Fe14.1Ni14.1Ti22.5,1.0,6.44
550,Al7Co14.1Cr14.1Cu14.1Fe14.1Ni14.1V22.5,1.0,5.83
551,Al7Co23.3Cr23.3Cu23.3Fe23.3,1.0,1.77
552,Al7Co23.3Cr23.3Fe23.3Ni23.3,1.0,1.63
553,Al7Cr23.3Fe23.3Co23.3Cu23.3,1.0,1.77
554,Al7Cr23.3Fe23.3Co23.3Ni23.3,1.0,1.63
555,Al7Cr23.3Fe23.3Ni46.5,1.0,1.46
556,Al7Cr23.3Fe34.9Ni11.6Mn23.3,1.0,2.91
557,Al7V22.5Cr14.1Fe14.1Co14.1Cu14.1Ni14.1,1.0,5.83
558,Al8.2Co16.4Cr16.4Cu16.4Fe16.4Ni16.4Ti9.8,1.0,4.49
559,Al8.2Co16.4Cr16.4Cu16.4Fe16.4Ni16.4V9.8,1.0,3.22
560,Al8.2V9.8Cr16.4Fe16.4Co16.4Cu16.4Ni16.4,1.0,3.22
561,Al8.5Co16.9Cr16.9Cu16.9Fe16.9Ni16.9Ti6.8,1.0,3.15
562,Al8.5Co16.9Cr16.9Cu16.9Fe16.9Ni16.9V6.8,1.0,2.27
563,Al8.5V6.8Cr16.9Fe16.9Co16.9Cu16.9Ni16.9,1.0,2.27
564,Al8.6Co22.9Cr22.9Fe22.9Ni22.9,1.0,1.28
565,Al8.6Cr22.9Fe22.9Co22.9Ni22.9,1.0,1.28
566,Al8.8Co17.5Cr17.5Cu17.5Fe17.5Ni17.5Ti3.5,1.0,2.67
567,Al8.8Co17.5Cr17.5Cu17.5Fe17.5Ni17.5V3.5,1.0,2.0
568,Al8.8V3.5Cr17.5Fe17.5Co17.5Cu17.5Ni17.5,1.0,2.0
569,Al8.9Co18.2Cr18.2Fe18.2Ni18.2Mn18.2,1.0,2.16
570,Al8Co17Cr17Cu8Fe17Ni33,1.0,2.75
572,Al9.1Cr18.2Cu18.2Fe18.2Ni36.4,1.0,2.33
573,Al9.1Cr18.2Fe18.2Cu18.2Ni36.4,1.0,2.33
574,Al9.1Cr22.7Cu22.7Ni22.7Ti22.7,1.0,3.84
575,Al9.5Co19Cr19Cu14.3Fe19Ni19,1.0,2.36
576,Al9.5Cr19Fe19Co19Cu14.3Ni19,1.0,2.36
577,Al9.8Co19.6Cr19.6Fe19.6Ni19.6Mn11.8,1.0,1.58
578,Al9Cr5Fe5Co15Ni15Mo,1.0,3.56
579,Al9Cr5Fe5Co15Ni16,1.0,3.0
580,AlCr2Fe2Co2CuNi2,1.0,2.36
581,AlCr2Fe2Co2Ni2Mo,1.0,4.32
582,AlCr3(FeCo)3,1.0,6.08
583,AlCr4Fe5(CoNi)5,1.0,1.44
584,AlCrCoCuNi,1.0,4.07
585,AlCrCoNi,1.0,9.29
586,AlCrFeCo,1.0,7.06
587,AlCrFeCoCu,1.0,3.99
588,AlCrFeCoCuNi,1.0,4.5600000000000005
591,AlCrFeNi,1.0,4.63
592,AlCrFeNiMo,1.0,8.88
593,AlFeCoCuNi,1.0,4.786666666666666
594,AlFeCoCuNi2,1.0,2.93
595,AlFeCoCuNi3,1.0,2.74
596,AlFeCoNi,1.0,4.425
597,AlFeCoNiMo,1.0,7.36
598,Co10Cr10Fe40Mn40,1.0,1.29
599,Co10Cr10Fe50Mn30,1.0,3.73
600,Co10Cr22.5Cu22.5Fe22.5Ni22.5,1.0,1.47
601,Co10Fe40Ni10Mn40,1.0,1.33
602,Co14.3Cr14.3Fe57.1Ni14.3,1.0,1.07
603,Co15.4Cu15.4Fe15.4Ni15.4Ti23.1V15.4,1.0,5.78
604,Co15.4Cu7.7Fe15.4Ni15.4Ti30.8V15.4,1.0,6.47
605,Co15Cr21.3Cu21.3Fe21.3Ni21.3,1.0,1.55
606,Co16.7Cr16.7Cu16.7Fe16.7Ni33.3,1.0,1.55
607,Co16.7Cr16.7Cu16.7Fe33.3Ni16.7,1.0,1.54
608,Co16.7Cr16.7Fe16.7Ni16.7Mn16.7V16.7,1.0,6.37
609,Co16.7Cr16.7Fe16.7Ni16.7V33.3,1.0,9.02
610,Co16.7Cr16.7Fe50Ni16.7,1.0,1.13
611,Co16.7Cr33.3Cu16.7Fe16.7Ni16.7,1.0,1.69
612,Co16.7Cu8.3Fe16.7Ni16.7Ti25V16.7,1.0,6.51
613,Co17.4Cr17.4Fe17.4Ni17.4Mn17.4V13,1.0,3.35
614,Co18.2Cr18.2Fe18.2Ni18.2Mn18.2V9.1,1.0,1.82
615,Co18.2Cr18.2Fe18.2Ni18.2V27.3,1.0,8.78
616,Co18.2Cu9.1Fe18.2Ni18.2Ti18.2V18.2,1.0,6.77
617,Co19Cr19Fe19Ni19Mn19V4.8,1.0,1.48
618,Co20Cr20Cu20Fe20Ni20,1.0,1.41
619,Co20Cr20Fe20Ni20Mn20,1.0,1.16
620,Co20Cr20Fe20Ni20Ti20,1.0,8.7
621,Co20Cr20Fe20Ni20V20,1.0,4.94
622,Co20Cr20Fe20Ni40,1.0,1.23
623,Co20Cr20Fe40Ni20,1.0,1.22
624,Co20Cu10Fe20Ni20Ti10V20,1.0,5.35
625,Co20Cu20Fe20Ni20Mn20,1.0,2.04
626,Co21.3Cr15Cu21.3Fe21.3Ni21.3,1.0,1.58
627,Co21.3Cr21.3Cu21.3Fe15Ni21.3,1.0,1.68
628,Co21.3Cr21.3Cu21.3Fe21.3Ni15,1.0,1.64
629,Co22.2Cr22.2Cu11.1Fe22.2Ni22.2,1.0,1.69
630,Co22.2Cr22.2Fe22.2Ni22.2Mo11.1,1.0,2.16
631,Co22.2Cr22.2Fe22.2Ni22.2V11.1,1.0,4.61
632,Co22.2Cu11.1Fe22.2Ni22.2V22.2,1.0,2.1
633,Co22.5Cr10Cu22.5Fe22.5Ni22.5,1.0,1.55
634,Co22.5Cr22.5Cu22.5Fe10Ni22.5,1.0,1.69
635,Co22.5Cr22.5Cu22.5Fe22.5Ni10,1.0,1.67
636,Co23.8Cr23.8Cu23.8Fe5Ni23.8,1.0,1.78
637,Co23.8Cr5Cu23.8Fe23.8Ni23.8,1.0,1.5
638,Co24.4Cr24.4Fe24.4Ni24.4Mo2.4,1.0,1.47
639,Co25Cr16.7Fe16.7Ni25Ti16.7,1.0,5.85
640,Co25Cr25Cu25Fe25,1.0,1.31
641,Co25Cr25Cu25Ni25,1.0,1.79
642,Co25Cr25Fe25Mn25,1.0,3.04
643,Co25Cr25Fe25Ni25,1.0,1.53
644,Co25Cu25Fe25Ni25,1.0,1.51
645,Co25Fe25Ni25Mn25,1.0,1.35
646,Co25Fe25Ni25Mo25,1.0,4.49
647,Co26.7Cr26.7Fe26.7Ni20,1.0,1.37
648,Co27.3Cr18.2Fe18.2Ni27.3Ti9.1,1.0,4.39
649,Co28.3Cr28.3Fe28.3Ni15,1.0,1.67
650,Co33.3Cr16.7Cu16.7Fe16.7Ni16.7,1.0,1.72
651,Co5Cr23.8Cu23.8Fe23.8Ni23.8,1.0,1.43
652,Cr10Fe22.5Co22.5Cu22.5Ni22.5,1.0,1.55
653,Cr10Fe50Ni10Mn30,1.0,1.33
654,Cr14.3Fe57.1Co14.3Ni14.3,1.0,1.07
655,Cr15Fe21.3Co21.3Cu21.3Ni21.3,1.0,1.58
656,Cr16.7Cu16.7Fe16.7Ni16.7Ti16.7V16.7,1.0,6.44
657,Cr16.7Fe16.7Co16.7Cu16.7Ni33.3,1.0,1.55
658,Cr16.7Fe16.7Co33.3Cu16.7Ni16.7,1.0,1.72
659,Cr16.7Fe16.7Mo16.7Ti33.3V16.7,1.0,6.72
660,Cr16.7Fe33.3Co16.7Cu16.7Ni16.7,1.0,1.54
661,Cr16.7Fe50Co16.7Ni16.7,1.0,1.13
662,Cr18.2Fe18.2Mo18.2Ti27.3V18.2,1.0,7.21
663,Cr18Fe50Ni10Mn22,1.0,1.46
664,Cr1Fe1Co1Cu0.5Ni1,1.0,1.69
665,Cr1Fe1Co1Ni1Mo0.5,1.0,2.06
666,Cr1Fe1Co1Ni1W0.2,1.0,2.39
667,Cr1Fe1Co1Ni1W0.5,1.0,3.51
668,Cr20Cu20Fe20Ni20Mn20,1.0,2.9
669,Cr20Cu20Fe20Ni20Mo20,1.0,2.58
670,Cr20Cu20Fe20Ni20Ti20,1.0,6.44
671,Cr20Fe20Mo20Ti20V20,1.0,8.4
672,Cr21.1Cu15.8Fe21.1Ni21.1Ti21.1,1.0,6.48
673,Cr21.3Fe15Co21.3Cu21.3Ni21.3,1.0,1.68
674,Cr21.3Fe21.3Co15Cu21.3Ni21.3,1.0,1.55
675,Cr21.3Fe21.3Co21.3Cu21.3Ni15,1.0,1.64
676,Cr21.5Cu3.2Fe21.5Ni32.3Mn21.5,1.0,1.25
677,Cr22.2Cu11.1Fe22.2Ni22.2Ti22.2,1.0,7.13
678,Cr22.2Fe22.2Co22.2Cu11.1Ni22.2,1.0,1.69
679,Cr22.2Fe22.2Co22.2Ni22.2Mo11.1,1.0,2.16
680,Cr22.2Fe22.2Mo22.2Ti11.1V22.2,1.0,8.02
681,Cr22.5Fe10Co22.5Cu22.5Ni22.5,1.0,1.69
682,Cr22.5Fe22.5Co10Cu22.5Ni22.5,1.0,1.47
683,Cr22.5Fe22.5Co22.5Cu22.5Ni10,1.0,1.67
684,Cr23.5Cu5.9Fe23.5Ni23.5Ti23.5,1.0,8.09
685,Cr23.8Fe23.8Co5Cu23.8Ni23.8,1.0,1.43
686,Cr23.8Fe5Co23.8Cu23.8Ni23.8,1.0,1.78
688,Cr24.4Cu2.4Fe24.4Ni24.4Ti24.4,1.0,8.18
689,Cr24.4Fe24.4Co24.4Ni24.4Mo2.4,1.0,1.47
690,Cr25Cu25Fe25Ni25,1.0,1.4
691,Cr25Fe25Mo25V25,1.0,7.06
692,Cr26.7Fe26.7Co26.7Ni20,1.0,1.37
693,Cr28.3Fe28.3Co28.3Ni15,1.0,1.67
694,Cr33.3Fe16.7Co16.7Cu16.7Ni16.7,1.0,1.69
695,Cr5Fe23.8Co23.8Cu23.8Ni23.8,1.0,1.5
696,CrCoCuNi,1.0,1.79
698,CrFe2CoNi,1.0,1.22
699,CrFeCoCu,1.0,1.31
700,CrFeCoCuNi,1.0,1.9266666666666663
702,CrFeCoNi2,1.0,1.23
703,CrFeCuNi,1.0,1.4
704,CrFeCuNiMo,1.0,2.58
705,FeCoCuNi,1.0,1.51
706,FeCoNi,1.0,1.23
707,FeCoNiMo,1.0,4.49
708,Hf0.5Zr1Ta0.5Ti1.5Nb0.5,1.0,2.95
709,Hf0.5Zr1Ti1Nb1Mo0.5,1.0,3.92
710,Hf0.5Zr1Ti2Nb0.25V1,1.0,3.26
711,Hf0.5Zr1Ti2Nb0.5V1,1.0,3.16
712,Hf0.5Zr1Ti2Nb0.75V1,1.0,3.13
713,Hf0.5Zr1Ti2Nb1V1,1.0,3.0400000000000005
714,Hf0.5Zr1Ti2V1,1.0,3.32
716,Hf16.66Zr16.66Ta16.66Ti16.66Nb16.66Mo16.66,1.0,4.95
717,Hf16.66Zr16.66Ta16.66Ti16.66Nb16.66V16.66,1.0,5.47
719,Hf1Zr1Ta1Ti1Nb1Al0.3,1.0,3.46
720,Hf1Zr1Ta1Ti1Nb1Al0.5,1.0,3.88
721,Hf1Zr1Ta1Ti1Nb1Al0.75,1.0,4.19
722,Hf1Zr1Ta1Ti1Nb1Mo0.25,1.0,3.87
723,Hf1Zr1Ta1Ti1Nb1Mo0.5,1.0,4.71
724,Hf1Zr1Ta1Ti1Nb1Mo0.75,1.0,4.83
727,HfZrTaTiMo,1.0,5.32
729,HfZrTaTiNbAl,1.0,4.32
730,HfZrTaTiNbMo,1.0,4.95
731,HfZrTi,1.0,2.07
735,Mn10.7Al17.9Cr17.9Fe17.9Co17.9Ni17.9,1.0,4.8
736,Mn11.8Al9.8Cr19.6Fe19.6Co19.6Ni19.6,1.0,1.58
737,Mn11Cr9(Fe5Ni)5,1.0,1.46
738,Mn12.2Al6.1Cr20.4Fe20.4Co20.4Ni20.4,1.0,1.32
739,Mn15.4Al23.1Cr15.4Fe15.4Cu15.4Ni15.4,1.0,7.04
740,Mn16.7V16.7Cr16.7Fe16.7Co16.7Ni16.7,1.0,6.37
741,Mn16.8Al16Cr16.8Fe16.8Co16.8Ni16.8,1.0,5.25
742,Mn17.2Al13.9Cr17.2Fe17.2Co17.2Ni17.2,1.0,5.29
743,Mn17.4Al13Cr17.4Fe17.4Co17.4Ni17.4,1.0,5.2
744,Mn17.4V13Cr17.4Fe17.4Co17.4Ni17.4,1.0,3.35
745,Mn17.6Al12Cr17.6Fe17.6Co17.6Ni17.6,1.0,4.77
746,Mn17.8Al11Cr17.8Fe17.8Co17.8Ni17.8,1.0,3.97
747,Mn17Al15Cr17Fe17(CoNi)17,1.0,5.23
748,Mn18.2Al8.9Cr18.2Fe18.2Co18.2Ni18.2,1.0,2.16
749,Mn18.2V9.1Cr18.2Fe18.2Co18.2Ni18.2,1.0,1.82
750,Mn18.4Al7.9Cr18.4Fe18.4Co18.4Ni18.4,1.0,1.79
751,Mn18.6Al7.1Cr18.6Fe18.6Co18.6Ni18.6,1.0,1.78
752,Mn18Al10.1Cr18Fe18Co18Ni18,1.0,2.73
753,Mn19.2Al3.8Cr19.2Fe19.2Co19.2Ni19.2,1.0,1.68
754,Mn19.6Al2Cr19.6Fe19.6Co19.6Ni19.6,1.0,1.77
755,Mn19V4.8Cr19Fe19Co19Ni19,1.0,1.48
756,Mn1Al0.1Cr1Fe1Co1Ni1,1.0,3.005
757,Mn1Al0.2Cr1Fe1Co1Ni1,1.0,1.68
758,Mn1Al0.38Cr1Fe1Co1Ni1,1.0,1.78
759,Mn1Al0.3Cr1Fe1.5Ni0.5,1.0,2.91
760,Mn1Al0.3Cr1Fe1Co1Ni1,1.0,5.01
761,Mn1Al0.43Cr1Fe1Co1Ni1,1.0,1.79
762,Mn1Al0.49Cr1Fe1Co1Ni1,1.0,2.16
763,Mn1Al0.56Cr1Fe1Co1Ni1,1.0,2.73
764,Mn1Al0.5Cr1Fe1.5Ni0.5,1.0,3.88
765,Mn1Al0.5Cr1Fe1Co1Ni1,1.0,5.42
766,Mn1Al0.5Cr1Fe1Ni1,1.0,3.46
767,Mn1Al0.62Cr1Fe1Co1Ni1,1.0,3.97
768,Mn1Al0.68Cr1Fe1Co1Ni1,1.0,4.77
769,Mn1Al0.6Cr1Fe1Ni1,1.0,3.54
770,Mn1Al0.75Cr1Fe1Co1Ni1,1.0,5.2
771,Mn1Al0.7Cr1Fe1Co1Ni1,1.0,6.1
772,Mn1Al0.7Cr1Fe1Ni1,1.0,3.68
773,Mn1Al0.81Cr1Fe1Co1Ni1,1.0,5.29
774,Mn1Al0.88Cr1Fe1Co1Ni1,1.0,5.23
775,Mn1Al0.8Cr1Fe1Ni1,1.0,3.79
776,Mn1Al0.95Cr1Fe1Co1Ni1,1.0,5.25
777,Mn1Al1.25Cr1Fe1Co1Ni1,1.0,5.29
784,Mn21.5Cr21.5Fe21.5Cu3.2Ni32.3,1.0,1.25
785,Mn22.2Al11.1Cr22.2Fe33.3Ni11.1,1.0,3.88
786,Mn23.3Al7Cr23.3Fe34.9Ni11.6,1.0,2.91
788,Mn31.7Al5Cu31.7Ni31.7,1.0,1.63
789,Mn3Al(CuNi)3,1.0,2.36
790,Mn3CrFe5Co,1.0,3.315
791,Mn3CrFe5Ni,1.0,1.33
792,Mn4Al5Cr4Fe4(CoNi)4,1.0,5.29
793,Mn4CrFe4Co,1.0,1.29
794,Mn4Fe4CoNi,1.0,1.33
795,Mn5.7Al18.9Cr18.9Fe18.9Co18.9Ni18.9,1.0,4.91
796,Mn6.3Al10.4Cr20.8Fe20.8Co20.8Ni20.8,1.0,1.73
797,Mn6.5Al6.5Cr21.7Fe21.7Co21.7Ni21.7,1.0,1.44
798,MnAlCrFeCoNi,1.0,6.71
800,MnCrFeCo,1.0,3.04
803,MnFeCoCuNi,1.0,2.04
804,MnFeCoNi,1.0,1.35
806,Nb0.1Al1Cr1Fe1Co1Ni1,1.0,5.58
807,Nb0.25Al1Cr1Fe1Co1Ni1,1.0,6.55
808,Nb0.5Al1Cr1Fe1Co1Ni1,1.0,7.33
809,Nb24Al33Cr3Co33W7,1.0,10.63
810,NbVCrFeMo,1.0,8.1
811,Ta12Ti9Nb30Co2Ni47,1.0,7.99
812,Ta16.66Nb16.66V16.66Cr16.66Mo16.66W16.66,1.0,6.91
814,Ta1Ti0.25Nb1Mo1W1,1.0,4.69
816,Ta1Ti0.5Nb1Mo1W1,1.0,4.72
817,Ta1Ti0.75Nb1Mo1W1,1.0,4.86
818,Ta4Ti39Nb31(Co11W2)2,1.0,2.72
819,Ta6Ti9Cr11(CoNi)12,1.0,9.91
824,TaNbVW,1.0,4.83
826,TaTi32Nb9Cr19Co39,1.0,8.39
828,TaTiNb,1.0,2.41
829,TaTiNbAl,1.0,4.49
830,TaTiNbCr,1.0,4.85
834,TaTiNbVMo,1.0,4.34
835,TaTiNbVW,1.0,4.38
836,TaTiNbW,1.0,4.39
838,Ti0.25Al1Cr1Fe1Ni1Mo0.5,1.0,6.98
839,Ti0.2Al0.5Cr1Fe1Co1Cu1Ni1,1.0,2.67
840,Ti0.2Al1.8Cr1Fe1Co1Ni1,1.0,5.94
841,Ti0.2Cr1Fe1Ni1,1.0,3.55
845,Ti0.3Cr1Fe1Ni1,1.0,5.0
847,Ti0.4Al0.5Cr1Fe1Co1Cu1Ni1,1.0,3.15
848,Ti0.4Al1Cr1Fe1Ni1Mo0.5,1.0,7.18
849,Ti0.4Cr1Fe1Ni1,1.0,5.89
851,Ti0.5Al0.9Cr1Fe1Co1Ni1,1.0,6.11
852,Ti0.5Al1.5Cr1Fe1Co1Ni1,1.0,6.29
853,Ti0.5Al1Cr1Fe1Co1Ni1,1.0,1.75
854,Ti0.5Al1Cr1Fe1Ni1Mo0.5,1.0,7.37
856,Ti0.5Cr1Fe1Ni1,1.0,6.96
857,Ti0.6Al0.5Cr1Fe1Co1Cu1Ni1,1.0,4.49
858,Ti0.6Al1Cr1Fe1Ni1Mo0.5,1.0,7.42
859,Ti0.6Cr1Fe1Ni1,1.0,7.04
860,Ti0.75Al1Cr1Fe1Ni1Mo0.5,1.0,7.51
861,Ti0.8Al0.5Cr1Fe1Co1Cu1Ni1,1.0,5.79
862,Ti0.8Al1.2Cr1Fe1Co1Ni1,1.0,6.27
864,Ti1.125Al1.125Fe0.75Cu1Ni1,1.0,5.06
865,Ti1.2Al0.5Cr1Fe1Co1Cu1Ni1,1.0,6.34
866,Ti1.2Al0.8Cr1Fe1Co1Ni1,1.0,8.4
867,Ti1.4Al0.5Cr1Fe1Co1Cu1Ni1,1.0,6.51
868,Ti1.6Al0.5Cr1Fe1Co1Cu1Ni1,1.0,6.44
869,Ti1.8Al0.5Cr1Fe1Co1Cu1Ni1,1.0,6.54
870,Ti11.1V22.2Cr22.2Fe22.2Mo22.2,1.0,8.02
871,Ti12.6Al20.2Cr16.8Fe16.8Co16.8Ni16.8,1.0,6.89
872,Ti12.7Al7.9Cr15.9Fe15.9Co15.9Cu15.9Ni15.9,1.0,5.79
873,Ti13.3Al20V13.3Cr13.3Fe13.3Cu13.3Ni13.3,1.0,8.78
874,Ti13.8Al17.2Cr17.2Fe17.2Co17.2Ni17.2,1.0,5.15
875,Ti14.3Al14.3V14.3Cr14.3Fe14.3Cu14.3Ni14.3,1.0,7.36
876,Ti14.3Al28.6Cr14.3Fe14.3Co14.3Ni14.3,1.0,7.15
877,Ti15.4Al7.7Cr15.4Fe15.4Co15.4Cu15.4Ni15.4,1.0,6.24
878,Ti15.4Al7.7V15.4Cr15.4Fe15.4Cu15.4Ni15.4,1.0,5.82
879,Ti16.1Al19.4Cr16.1Fe16.1Co16.1Ni16.1,1.0,6.63
880,Ti16.1Al3.2Cr16.1Fe16.1Co24.2Ni24.2,1.0,6.59
881,Ti16.7Al16.7Cr16.7Fe16.7Co16.7Cu16.7,1.0,5.71
882,Ti16.7Al16.7Cr16.7Fe16.7Co16.7Ni16.7,1.0,4.27
883,Ti16.7Al16.7Fe16.7Co16.7Cu16.7Ni16.7,1.0,6.14
884,Ti16.7Cr16.7Fe16.7Co25Ni25,1.0,5.85
885,Ti16.7V16.7Cr16.7Fe16.7Cu16.7Ni16.7,1.0,6.44
886,Ti17.4Al17.4Cr17.4Fe17.4Co17.4Cu13,1.0,6.01
887,Ti17.9Al7.5Cr14.9Fe14.9Co14.9Cu14.9Ni14.9,1.0,6.34
888,Ti18.2Al18.2Cr18.2Fe18.2Co18.2Cu9.1,1.0,7.88
889,Ti18.2V18.2Fe18.2Co18.2Cu9.1Ni18.2,1.0,6.77
891,Ti1Al0.5Cr1Fe1Co1Cu1Ni1,1.0,6.24
894,Ti1Nb1Al0.25V1Mo1,1.0,4.51
895,Ti1Nb1Al0.5V1Mo1,1.0,4.78
896,Ti1Nb1Al0.75V1Mo1,1.0,5.07
897,Ti20.3Al7.2Cr14.5Fe14.5Co14.5Cu14.5Ni14.5,1.0,6.51
899,Ti21.1Cr21.1Fe21.1Cu15.8Ni21.1,1.0,6.48
900,Ti21.7Al13Cr21.7Cu21.7Ni21.7,1.0,4.43
901,Ti22.2Cr22.2Fe22.2Cu11.1Ni22.2,1.0,7.13
903,Ti22.5Al22.5Fe15Cu20Ni20,1.0,5.06
904,Ti22.5Al7Cr14.1Fe14.1Co14.1Cu14.1Ni14.1,1.0,6.44
905,Ti22.7Al9.1Cr22.7Cu22.7Ni22.7,1.0,3.84
906,Ti23.1Al15.4Cr15.4Fe15.4Cu15.4Ni15.4,1.0,5.84
907,Ti23.1V15.4Fe15.4Co15.4Cu15.4Ni15.4,1.0,5.78
908,Ti23.5Cr23.5Fe23.5Cu5.9Ni23.5,1.0,8.09
909,Ti23.8Al4.8Cr23.8Cu23.8Ni23.8,1.0,3.69
910,Ti24.4Cr24.4Fe24.4Cu2.4Ni24.4,1.0,8.18
911,Ti24.7Al6.8Cr13.7Fe13.7Co13.7Cu13.7Ni13.7,1.0,6.54
912,Ti25V16.7Fe16.7Co16.7Cu8.3Ni16.7,1.0,6.51
913,Ti26.7Al6.7Cr13.3Fe13.3Co13.3Cu13.3Ni13.3,1.0,6.83
914,Ti27.3V18.2Cr18.2Fe18.2Mo18.2,1.0,7.21
915,Ti2Al0.5Cr1Fe1Co1Cu1Ni1,1.0,6.83
917,Ti3.5Al8.8Cr17.5Fe17.5Co17.5Cu17.5Ni17.5,1.0,2.67
918,Ti3.8Al19.2Cr19.2Fe19.2Co19.2Ni19.2,1.0,4.58
919,Ti30.8V15.4Fe15.4Co15.4Cu7.7Ni15.4,1.0,6.47
920,Ti33.3V16.7Cr16.7Fe16.7Mo16.7,1.0,6.72
924,Ti4.6Al22Cr18.3Fe18.3Co18.3Ni18.3,1.0,6.54
925,Ti44Nb21Cr21(Co6Ni)2,1.0,4.14
926,Ti5.12Nb27.16Cr14.61Co4.133Mo48.98,1.0,8.13
927,Ti6.8Al8.5Cr16.9Fe16.9Co16.9Cu16.9Ni16.9,1.0,3.15
929,Ti8.8Al21.1Cr17.5Fe17.5Co17.5Ni17.5,1.0,7.03
930,Ti8.8Al3.5Cr17.5Fe17.5Co26.3Ni26.3,1.0,4.72
931,Ti9.1Al18.2Cr18.2Fe18.2Co18.2Ni18.2,1.0,4.97
932,Ti9.1Al18.2Cr18.2Fe18.2Cu18.2Ni18.2,1.0,4.51
933,Ti9.1Cr18.2Fe18.2Co27.3Ni27.3,1.0,4.39
934,Ti9.8Al8.2Cr16.4Fe16.4Co16.4Cu16.4Ni16.4,1.0,4.49
935,TiAl2CrFeCoNi,1.0,6.31
936,TiAl4Cr5Fe5(CoNi)5,1.0,4.64
938,TiAlCr2Fe2(CoNi)2,1.0,5.1
939,TiAlCrCuNi,1.0,5.03
940,TiAlCrFeCoNi,1.0,6.89
941,TiAlCrFeNi,1.0,6.74
943,TiAlCuNi,1.0,5.27
944,TiAlFeCoCuNi,1.0,6.14
946,TiAlFeCuNi,1.0,5.06
948,TiCrFeCoNi,1.0,8.7
949,TiCrFeCuNi,1.0,6.44
950,TiNbAlMo,1.0,4.99
952,TiNbAlVMo,1.0,5.27
953,TiNbCrFeMo,1.0,7.77
954,TiNbCrMo,1.0,5.29
956,TiNbVFeMo,1.0,6.86
957,TiNbVMo,1.0,4.32
958,TiV2Fe2Co2CuNi2,1.0,5.35
959,TiVCrFeMo,1.0,8.4
960,V11.1Cr22.2Fe22.2Co22.2Ni22.2,1.0,4.61
961,V1Fe1Co1Ni1.2Mo1,1.0,5.9
962,V1Fe1Co1Ni1.4Mo1,1.0,5.28
963,V1Fe1Co1Ni1.6Mo1,1.0,5.1
964,V1Fe1Co1Ni1.8Mo1,1.0,5.0
965,V1Fe1Co1Ni1Mo0.2,1.0,2.62
966,V1Fe1Co1Ni1Mo0.4,1.0,3.94
967,V1Fe1Co1Ni1Mo0.6,1.0,5.46
968,V1Fe1Co1Ni1Mo0.8,1.0,5.94
969,V22.2Fe22.2Co22.2Cu11.1Ni22.2,1.0,2.1
970,V27.3Cr18.2Fe18.2Co18.2Ni18.2,1.0,8.78
971,V33.3Cr16.7Fe16.7Co16.7Ni16.7,1.0,9.02
972,VCrFeCoNi,1.0,4.94
973,VCrFeMo,1.0,7.06
974,VFeCoNi,1.0,2.33
975,VFeCoNi2Mo,1.0,3.75
976,VFeCoNiMo,1.0,6.13
978,Zr0.5Ta1Ti1Nb1.5,1.0,2.88
981,Zr1.5Ta1Ti1Nb0.5,1.0,4.8
992,ZrAlFeCoCuNi,1.0,4.63
993,ZrTaTi,1.0,4.76
994,ZrTaTiNb,1.0,3.51
995,ZrTiAlVCrFeCoNi,1.0,7.65
996,ZrTiAlVFeCoNi,1.0,7.75
997,ZrTiAlVFeNi,1.0,7.85
998,ZrTiNb,1.0,3.27
1004,ZrTiVCrFeCoCuNi,1.0,6.67
1005,ZrTiVCrFeCoNiMo,1.0,8.34
1006,ZrTiVFeCoCuNi,1.0,6.18
1007,ZrTiVFeCoNiMo,1.0,7.75
1008,ZrTiVFeCuNi,1.0,5.79
1009,ZrTiVFeNiMo,1.0,7.26
